userId,digit,digitOrder,comparedUserId,comparedDigit,comparedDigitOrder,score,label
101,0,10,101,0,10,0.0,1
101,0,10,101,0,12,0.08918020423055463,1
101,0,10,101,0,14,0.10246527193164139,1
101,0,10,101,0,16,0.1144342509343815,1
101,0,10,102,0,10,0.11130672721092291,0
101,0,10,103,0,10,0.09500159312022446,0
101,0,10,104,0,10,0.07830001062761843,0
101,0,10,105,0,10,0.09050561619141116,0
101,0,10,106,0,10,0.08772376686584761,0
101,0,10,107,0,10,0.06851252644047183,0
101,0,10,108,0,10,0.13229263004096775,0
101,0,10,109,0,10,0.08986163818069114,0
101,0,10,110,0,10,0.1298769050373388,0
101,0,10,111,0,10,0.09556213085199172,0
101,0,10,112,0,10,0.11099927755742328,0
101,0,10,114,0,10,0.10921702278862415,0
101,0,10,115,0,10,0.10407895664222024,0
101,0,10,118,0,10,0.08412829124738914,0
101,0,10,119,0,10,0.11893700279632068,0
101,0,10,120,0,10,0.10332721088576838,0
101,0,10,121,0,10,0.1976425220553478,0
101,0,10,122,0,10,0.10310224317692492,0
101,0,10,124,0,10,0.09721131077780981,0
101,0,10,125,0,10,0.08719447113932102,0
101,0,10,126,0,10,0.3105177441241806,0
101,0,10,127,0,10,0.12085071591938254,0
101,0,10,128,0,10,0.09633553236664508,0
101,0,10,129,0,10,0.07837226281542685,0
101,0,10,130,0,10,0.08826095503887518,0
101,0,10,131,0,10,0.08028162053816393,0
101,0,10,132,0,10,0.12116408020329654,0
101,0,10,133,0,10,0.10195192706890786,0
101,0,10,134,0,10,0.08455127413027438,0
101,0,10,135,0,10,0.08187716166512227,0
101,0,10,136,0,10,0.11332323013098408,0
101,0,10,137,0,10,0.12699026584099113,0
101,0,10,138,0,10,0.07943237139945178,0
101,0,10,139,0,10,0.1301507037169661,0
101,0,10,141,0,10,0.09792180784253476,0
101,0,10,142,0,10,0.10300981104216292,0
101,0,10,143,0,10,0.1057305268638939,0
101,0,10,144,0,10,0.09612774883631023,0
101,0,10,145,0,10,0.09508094802519275,0
101,0,10,146,0,10,0.10190192693840622,0
101,0,10,147,0,10,0.1135915736574845,0
101,0,10,148,0,10,0.09938124098646009,0
101,0,10,149,0,10,0.10448166642137927,0
101,0,10,150,0,10,0.10107628004452185,0
101,0,10,151,0,10,0.12903416933747652,0
101,0,10,152,0,10,0.36125674049210954,0
101,0,10,153,0,10,0.10667034840208656,0
101,0,10,154,0,10,0.10502257282735432,0
101,0,10,155,0,10,0.1336483144243384,0
101,0,10,156,0,10,0.07954628870311374,0
101,0,10,157,0,10,0.10817773801645855,0
101,0,10,158,0,10,0.0939764763792124,0
101,0,10,159,0,10,0.2642501624351724,0
101,0,10,160,0,10,0.11506947474686031,0
101,0,10,161,0,10,0.09827331132887407,0
101,0,10,162,0,10,0.09980019475880988,0
101,0,10,163,0,10,0.09255338594504854,0
101,0,10,164,0,10,0.10771667421043674,0
101,0,10,165,0,10,0.07728416526345074,0
101,0,10,166,0,10,0.12564062709419882,0
101,0,10,167,0,10,0.29522278818097814,0
101,0,10,168,0,10,0.09228004459964796,0
101,0,10,169,0,10,0.07775749426982091,0
101,0,10,170,0,10,0.10016189119983779,0
101,0,10,180,0,10,0.11629006612176415,0
101,0,10,181,0,10,0.08498606801220682,0
101,0,10,182,0,10,0.11635246572396706,0
101,0,10,183,0,10,0.07722255382250541,0
101,0,10,184,0,10,0.10228887392045628,0
101,0,10,185,0,10,0.1250047668451804,0
101,0,10,186,0,10,0.3349803575157224,0
101,0,10,187,0,10,0.088923681278833,0
101,0,10,188,0,10,0.08653054887243372,0
101,0,10,190,0,10,0.20999170601376904,0
101,0,10,191,0,10,0.12110904718516168,0
101,0,10,192,0,10,0.1058606262763214,0
101,0,10,193,0,10,0.08845875890005905,0
101,0,10,194,0,10,0.07145473991707853,0
101,0,10,195,0,10,0.10126071242457363,0
101,0,10,196,0,10,0.09052439996249724,0
101,0,10,197,0,10,0.11690442440641781,0
101,0,10,198,0,10,0.08099010072706246,0
101,0,10,199,0,10,0.08123844127775963,0
101,0,10,200,0,10,0.07440222022374798,0
101,0,10,201,0,10,0.10434027157230111,0
101,0,10,202,0,10,0.162255656432352,0
101,0,10,203,0,10,0.08970044085402688,0
101,0,10,204,0,10,0.10443046527541822,0
101,0,10,205,0,10,0.12797051675529475,0
101,0,10,206,0,10,0.12129980899665914,0
101,0,10,207,0,10,0.1265730430350575,0
101,0,10,208,0,10,0.10093665716968145,0
101,1,10,101,1,10,0.0,1
101,1,10,101,1,12,0.18815279413071917,1
101,1,10,101,1,14,0.24376168786637478,1
101,1,10,101,1,16,0.09244844674328759,1
101,1,10,102,1,10,0.0960965122664891,0
101,1,10,103,1,10,0.193818767000853,0
101,1,10,104,1,10,0.13525553624016304,0
101,1,10,105,1,10,0.14837808592255974,0
101,1,10,106,1,10,0.08828770687945237,0
101,1,10,107,1,10,0.18368044232270786,0
101,1,10,108,1,10,0.15052306025578197,0
101,1,10,109,1,10,0.22260256648452992,0
101,1,10,110,1,10,0.1271573899661706,0
101,1,10,111,1,10,0.17753375930442328,0
101,1,10,112,1,10,0.1434518341710887,0
101,1,10,114,1,10,0.14823705811429022,0
101,1,10,115,1,10,0.15026938939141526,0
101,1,10,118,1,10,0.12100570794001428,0
101,1,10,119,1,10,0.14359991784962572,0
101,1,10,120,1,10,0.30661994689479927,0
101,1,10,121,1,10,0.2800169475790515,0
101,1,10,122,1,10,0.19679958818358945,0
101,1,10,124,1,10,0.09516718565902407,0
101,1,10,125,1,10,0.1356371909131386,0
101,1,10,126,1,10,0.21471594244036307,0
101,1,10,127,1,10,0.1544024510660155,0
101,1,10,128,1,10,0.11136569665175149,0
101,1,10,129,1,10,0.15663398200429998,0
101,1,10,130,1,10,0.13015196921658564,0
101,1,10,131,1,10,0.2435854093656179,0
101,1,10,132,1,10,0.12094661556679066,0
101,1,10,133,1,10,0.10122333822653011,0
101,1,10,134,1,10,0.1014979442032924,0
101,1,10,135,1,10,0.11588256242339484,0
101,1,10,136,1,10,0.1318166850107447,0
101,1,10,137,1,10,0.15319720550227056,0
101,1,10,138,1,10,0.1480829271413893,0
101,1,10,139,1,10,0.15717613707460115,0
101,1,10,141,1,10,0.12391662939591047,0
101,1,10,142,1,10,0.12137280548694165,0
101,1,10,143,1,10,0.19447076258195753,0
101,1,10,144,1,10,0.34863465885537254,0
101,1,10,145,1,10,0.15323754635243433,0
101,1,10,146,1,10,0.12009126132533637,0
101,1,10,147,1,10,0.10119368776071161,0
101,1,10,148,1,10,0.13084140008734846,0
101,1,10,149,1,10,0.1638353982461665,0
101,1,10,150,1,10,0.21318710538724864,0
101,1,10,151,1,10,0.07455820034755675,0
101,1,10,152,1,10,0.2908737166131767,0
101,1,10,153,1,10,0.17580025433384822,0
101,1,10,154,1,10,0.12439562540586917,0
101,1,10,155,1,10,0.15301952383086037,0
101,1,10,156,1,10,0.2331696200643883,0
101,1,10,157,1,10,0.1381783674433349,0
101,1,10,158,1,10,0.13874442807433698,0
101,1,10,159,1,10,0.14554811775638427,0
101,1,10,160,1,10,0.139517553237107,0
101,1,10,161,1,10,0.21259308492193363,0
101,1,10,162,1,10,0.13013298201385518,0
101,1,10,163,1,10,0.15242548819789317,0
101,1,10,164,1,10,0.1031742236692925,0
101,1,10,165,1,10,0.1714209710545499,0
101,1,10,166,1,10,0.15596154154705338,0
101,1,10,167,1,10,0.14741197263016007,0
101,1,10,168,1,10,0.1472121135101388,0
101,1,10,169,1,10,0.1591124600575131,0
101,1,10,170,1,10,0.1445920427657366,0
101,1,10,180,1,10,0.11768257313294295,0
101,1,10,181,1,10,0.21918277444799522,0
101,1,10,182,1,10,0.14607754282342358,0
101,1,10,183,1,10,0.2505249072931127,0
101,1,10,184,1,10,0.16855919928519775,0
101,1,10,185,1,10,0.1661468046054907,0
101,1,10,186,1,10,0.10685114885438295,0
101,1,10,187,1,10,0.17892435795926628,0
101,1,10,188,1,10,0.11903791172230199,0
101,1,10,190,1,10,0.14397242700582896,0
101,1,10,191,1,10,0.11475504515703255,0
101,1,10,192,1,10,0.11499261174824711,0
101,1,10,193,1,10,0.1326182526101523,0
101,1,10,194,1,10,0.15458240741786622,0
101,1,10,195,1,10,0.14644865620596645,0
101,1,10,196,1,10,0.13596233815270506,0
101,1,10,197,1,10,0.14477686415137783,0
101,1,10,198,1,10,0.15826438992799574,0
101,1,10,199,1,10,0.14016835368403696,0
101,1,10,200,1,10,0.08013385171067353,0
101,1,10,201,1,10,0.13668582079469432,0
101,1,10,202,1,10,0.3781787962103448,0
101,1,10,203,1,10,0.14027782893499938,0
101,1,10,204,1,10,0.14411013710064932,0
101,1,10,205,1,10,0.1522663907243844,0
101,1,10,206,1,10,0.24072427139294866,0
101,1,10,207,1,10,0.14370686206937605,0
101,1,10,208,1,10,0.23896585402736867,0
101,2,10,101,2,10,0.0,1
101,2,10,101,2,12,0.07904518152444454,1
101,2,10,101,2,14,0.11542607971429668,1
101,2,10,101,2,16,0.06900218983410814,1
101,2,10,102,2,10,0.15782417826367015,0
101,2,10,103,2,10,0.11459398466205256,0
101,2,10,104,2,10,0.10974700688213411,0
101,2,10,105,2,10,0.17036258141420724,0
101,2,10,106,2,10,0.11226073350421926,0
101,2,10,107,2,10,0.18060838532198542,0
101,2,10,108,2,10,0.16107735684098648,0
101,2,10,109,2,10,0.14746304600123117,0
101,2,10,110,2,10,0.0637753061247683,0
101,2,10,111,2,10,0.14135953681336905,0
101,2,10,112,2,10,0.1382537350372454,0
101,2,10,114,2,10,0.1758972520190183,0
101,2,10,115,2,10,0.10118712550657133,0
101,2,10,118,2,10,0.14236780033285124,0
101,2,10,119,2,10,0.1456198447582082,0
101,2,10,120,2,10,0.12321945279493107,0
101,2,10,121,2,10,0.15094623323432374,0
101,2,10,122,2,10,0.13668266233875492,0
101,2,10,124,2,10,0.15224284888510492,0
101,2,10,125,2,10,0.13080221416296792,0
101,2,10,126,2,10,0.1667164319129743,0
101,2,10,127,2,10,0.12796745810909696,0
101,2,10,128,2,10,0.19684265477069304,0
101,2,10,129,2,10,0.13506650344674115,0
101,2,10,130,2,10,0.12001648338327162,0
101,2,10,131,2,10,0.15560290877927102,0
101,2,10,132,2,10,0.1557793030811606,0
101,2,10,133,2,10,0.1549523012207581,0
101,2,10,134,2,10,0.12885228234232923,0
101,2,10,135,2,10,0.14853484483398366,0
101,2,10,136,2,10,0.14515798703748528,0
101,2,10,137,2,10,0.12400045369914804,0
101,2,10,138,2,10,0.15902270149153827,0
101,2,10,139,2,10,0.1271313339737985,0
101,2,10,141,2,10,0.16725385306406296,0
101,2,10,142,2,10,0.16060696652251152,0
101,2,10,143,2,10,0.17382620871551696,0
101,2,10,144,2,10,0.14322346562572505,0
101,2,10,145,2,10,0.13846332297078476,0
101,2,10,146,2,10,0.15770465966227698,0
101,2,10,147,2,10,0.1762140525954577,0
101,2,10,148,2,10,0.13576805472528997,0
101,2,10,149,2,10,0.15852262188983407,0
101,2,10,150,2,10,0.10507500502281586,0
101,2,10,151,2,10,0.14339941651680196,0
101,2,10,152,2,10,0.19411303716814443,0
101,2,10,153,2,10,0.17616508510229154,0
101,2,10,154,2,10,0.11121811756004232,0
101,2,10,155,2,10,0.15243068263900386,0
101,2,10,156,2,10,0.11001869450612542,0
101,2,10,157,2,10,0.12111805590411008,0
101,2,10,158,2,10,0.08158755494676663,0
101,2,10,159,2,10,0.1360855614869624,0
101,2,10,160,2,10,0.16500173316674868,0
101,2,10,161,2,10,0.18064405741846584,0
101,2,10,162,2,10,0.13560964531566688,0
101,2,10,163,2,10,0.17573230412471702,0
101,2,10,164,2,10,0.15901840138272857,0
101,2,10,165,2,10,0.1664447723018912,0
101,2,10,166,2,10,0.09005394684517208,0
101,2,10,167,2,10,0.10161971032629774,0
101,2,10,168,2,10,0.16511558295636322,0
101,2,10,169,2,10,0.15810289514084677,0
101,2,10,170,2,10,0.132696229870782,0
101,2,10,180,2,10,0.127950262151454,0
101,2,10,181,2,10,0.10575432877767338,0
101,2,10,182,2,10,0.10767352456023037,0
101,2,10,183,2,10,0.1665976321048484,0
101,2,10,184,2,10,0.15739978091938495,0
101,2,10,185,2,10,0.15433422285702494,0
101,2,10,186,2,10,0.1813755356805026,0
101,2,10,187,2,10,0.0908611725000016,0
101,2,10,188,2,10,0.18377773185674184,0
101,2,10,190,2,10,0.14662596572344694,0
101,2,10,191,2,10,0.08884505506936853,0
101,2,10,192,2,10,0.13510022084612536,0
101,2,10,193,2,10,0.15153640726813108,0
101,2,10,194,2,10,0.14487634948100125,0
101,2,10,195,2,10,0.15654234366765488,0
101,2,10,196,2,10,0.1390576972958916,0
101,2,10,197,2,10,0.17080038413466297,0
101,2,10,198,2,10,0.13834657794916935,0
101,2,10,199,2,10,0.18374825946558704,0
101,2,10,200,2,10,0.16593310035763797,0
101,2,10,201,2,10,0.157933253197124,0
101,2,10,202,2,10,0.15226717722412805,0
101,2,10,203,2,10,0.13149020073311385,0
101,2,10,204,2,10,0.18269182035663104,0
101,2,10,205,2,10,0.1393994630362585,0
101,2,10,206,2,10,0.1483864609156072,0
101,2,10,207,2,10,0.13596858283531627,0
101,2,10,208,2,10,0.1589610810190651,0
101,3,10,101,3,10,0.0,1
101,3,10,101,3,12,0.12595527729873177,1
101,3,10,101,3,14,0.08149927271676859,1
101,3,10,101,3,16,0.07865243997132268,1
101,3,10,102,3,10,0.08926508963195859,0
101,3,10,103,3,10,0.09770211883203947,0
101,3,10,104,3,10,0.10203693581420865,0
101,3,10,105,3,10,0.15512006799551567,0
101,3,10,106,3,10,0.07997234068535386,0
101,3,10,107,3,10,0.15949179869523444,0
101,3,10,108,3,10,0.11542360882905425,0
101,3,10,109,3,10,0.11075793074724485,0
101,3,10,110,3,10,0.08008184016107454,0
101,3,10,111,3,10,0.0833749278283896,0
101,3,10,112,3,10,0.11532496269832841,0
101,3,10,114,3,10,0.12815017185718341,0
101,3,10,115,3,10,0.12237616959591448,0
101,3,10,118,3,10,0.10788288234291159,0
101,3,10,119,3,10,0.152511145911501,0
101,3,10,120,3,10,0.09486508219871896,0
101,3,10,121,3,10,0.11149526648013773,0
101,3,10,122,3,10,0.13710380591870136,0
101,3,10,124,3,10,0.11052737703773526,0
101,3,10,125,3,10,0.13278233294627714,0
101,3,10,126,3,10,0.14079477426871098,0
101,3,10,127,3,10,0.12741274925570087,0
101,3,10,128,3,10,0.12289372442705696,0
101,3,10,129,3,10,0.11329529724515781,0
101,3,10,130,3,10,0.08378926312589609,0
101,3,10,131,3,10,0.11488707039062072,0
101,3,10,132,3,10,0.13566201985760523,0
101,3,10,133,3,10,0.07908075847967362,0
101,3,10,134,3,10,0.10014173341741048,0
101,3,10,135,3,10,0.11613688084319619,0
101,3,10,136,3,10,0.08677930502977224,0
101,3,10,137,3,10,0.09753230612233153,0
101,3,10,138,3,10,0.10954982019864791,0
101,3,10,139,3,10,0.1270771378729009,0
101,3,10,141,3,10,0.09739998532777618,0
101,3,10,142,3,10,0.13190699142572726,0
101,3,10,143,3,10,0.1817030809493961,0
101,3,10,144,3,10,0.15106244942245253,0
101,3,10,145,3,10,0.12274620885406955,0
101,3,10,146,3,10,0.12667668189061465,0
101,3,10,147,3,10,0.14055735976572342,0
101,3,10,148,3,10,0.10252855086240154,0
101,3,10,149,3,10,0.14166640639316871,0
101,3,10,150,3,10,0.1071725806781603,0
101,3,10,151,3,10,0.1304077971071719,0
101,3,10,152,3,10,0.1458900509499595,0
101,3,10,153,3,10,0.14339374418257755,0
101,3,10,154,3,10,0.1573822348993118,0
101,3,10,155,3,10,0.11947340721752077,0
101,3,10,156,3,10,0.08728765001556325,0
101,3,10,157,3,10,0.12973189186640327,0
101,3,10,158,3,10,0.07614334630416117,0
101,3,10,159,3,10,0.1241429418514227,0
101,3,10,160,3,10,0.13269396098822572,0
101,3,10,161,3,10,0.07780128135431544,0
101,3,10,162,3,10,0.09582282942254264,0
101,3,10,163,3,10,0.14009024149856455,0
101,3,10,164,3,10,0.14242128308429927,0
101,3,10,165,3,10,0.12848570539949702,0
101,3,10,166,3,10,0.15014222681723607,0
101,3,10,167,3,10,0.06998629820618393,0
101,3,10,168,3,10,0.14791743492553752,0
101,3,10,169,3,10,0.12484993051651182,0
101,3,10,170,3,10,0.08902410445088962,0
101,3,10,180,3,10,0.1272083112378149,0
101,3,10,181,3,10,0.12662617373774201,0
101,3,10,182,3,10,0.11599116608770914,0
101,3,10,183,3,10,0.1219124443870342,0
101,3,10,184,3,10,0.11805470791995765,0
101,3,10,185,3,10,0.09716890830880978,0
101,3,10,186,3,10,0.11497322677630238,0
101,3,10,187,3,10,0.09341367725434678,0
101,3,10,188,3,10,0.15885456152502514,0
101,3,10,190,3,10,0.10876052387862874,0
101,3,10,191,3,10,0.1318865906196489,0
101,3,10,192,3,10,0.1229761791942636,0
101,3,10,193,3,10,0.125549056709715,0
101,3,10,194,3,10,0.12345480016649173,0
101,3,10,195,3,10,0.14045006209137217,0
101,3,10,196,3,10,0.1145220347241019,0
101,3,10,197,3,10,0.14136153956403996,0
101,3,10,198,3,10,0.14745148668373867,0
101,3,10,199,3,10,0.10876737450547762,0
101,3,10,200,3,10,0.10963480274306382,0
101,3,10,201,3,10,0.1704989250634367,0
101,3,10,202,3,10,0.12451624458811256,0
101,3,10,203,3,10,0.10813920628063237,0
101,3,10,204,3,10,0.17787740435539043,0
101,3,10,205,3,10,0.13313648841738288,0
101,3,10,206,3,10,0.12355194176735017,0
101,3,10,207,3,10,0.15195410544273974,0
101,3,10,208,3,10,0.40590748354073564,0
101,4,10,101,4,10,0.0,1
101,4,10,101,4,12,0.11442547846553643,1
101,4,10,101,4,14,0.10431342246026787,1
101,4,10,101,4,16,0.0605753257178738,1
101,4,10,102,4,10,0.27542397496709703,0
101,4,10,103,4,10,0.11091893001383289,0
101,4,10,104,4,10,0.1251445625633027,0
101,4,10,105,4,10,0.11066296868349292,0
101,4,10,106,4,10,0.25506699590029375,0
101,4,10,107,4,10,0.14300891890959175,0
101,4,10,108,4,10,0.1509272457003637,0
101,4,10,109,4,10,0.3307306913512082,0
101,4,10,110,4,10,0.2140088547230789,0
101,4,10,111,4,10,0.12966731729467393,0
101,4,10,112,4,10,0.15369776225461715,0
101,4,10,114,4,10,0.18596493407679476,0
101,4,10,115,4,10,0.21898231095831633,0
101,4,10,118,4,10,0.27821642511356237,0
101,4,10,119,4,10,0.22961677417451748,0
101,4,10,120,4,10,0.1631007829465167,0
101,4,10,121,4,10,0.21120099120116992,0
101,4,10,122,4,10,0.15448265593921642,0
101,4,10,124,4,10,0.17126849722698392,0
101,4,10,125,4,10,0.14217354465432092,0
101,4,10,126,4,10,0.24679518784574564,0
101,4,10,127,4,10,0.17401508179967295,0
101,4,10,128,4,10,0.10124665123383378,0
101,4,10,129,4,10,0.17321637411021126,0
101,4,10,130,4,10,0.1509324884502342,0
101,4,10,131,4,10,0.09623295994558073,0
101,4,10,132,4,10,0.32595701518577425,0
101,4,10,133,4,10,0.15889636671788102,0
101,4,10,134,4,10,0.2113785205527239,0
101,4,10,135,4,10,0.18354019568418242,0
101,4,10,136,4,10,0.15189004938732653,0
101,4,10,137,4,10,0.23946943901829784,0
101,4,10,138,4,10,0.1484885562674781,0
101,4,10,139,4,10,0.12428711085184345,0
101,4,10,141,4,10,0.1426737092969878,0
101,4,10,142,4,10,0.10831706360966231,0
101,4,10,143,4,10,0.20828101647706174,0
101,4,10,144,4,10,0.1898856496814083,0
101,4,10,145,4,10,0.16774307172348343,0
101,4,10,146,4,10,0.20556450365818202,0
101,4,10,147,4,10,0.32298632369596697,0
101,4,10,148,4,10,0.2486583262295607,0
101,4,10,149,4,10,0.260803004386733,0
101,4,10,150,4,10,0.20641894171902234,0
101,4,10,151,4,10,0.13646107643348335,0
101,4,10,152,4,10,0.10543568391719307,0
101,4,10,153,4,10,0.1732493946027033,0
101,4,10,154,4,10,0.39258109404101665,0
101,4,10,155,4,10,0.13382979326704617,0
101,4,10,156,4,10,0.08384847872009342,0
101,4,10,157,4,10,0.16938821147594957,0
101,4,10,158,4,10,0.11809696517406103,0
101,4,10,159,4,10,0.1866260311093389,0
101,4,10,160,4,10,0.18955237763776095,0
101,4,10,161,4,10,0.2979933608655813,0
101,4,10,162,4,10,0.13071645158214215,0
101,4,10,163,4,10,0.12551158467977586,0
101,4,10,164,4,10,0.2666400441476978,0
101,4,10,165,4,10,0.23522307892221858,0
101,4,10,166,4,10,0.1556996048705949,0
101,4,10,167,4,10,0.15874300807741135,0
101,4,10,168,4,10,0.15835289569631664,0
101,4,10,169,4,10,0.13523494905632968,0
101,4,10,170,4,10,0.16634003819912999,0
101,4,10,180,4,10,0.13707585491122481,0
101,4,10,181,4,10,0.11635056788531753,0
101,4,10,182,4,10,0.16636041578169963,0
101,4,10,183,4,10,0.2047350853515563,0
101,4,10,184,4,10,0.33079685139098836,0
101,4,10,185,4,10,0.19632307937407903,0
101,4,10,186,4,10,0.14212655493053347,0
101,4,10,187,4,10,0.09535286455771828,0
101,4,10,188,4,10,0.19638623996541874,0
101,4,10,190,4,10,0.09714190415870616,0
101,4,10,191,4,10,0.1061440718107893,0
101,4,10,192,4,10,0.1429668804050225,0
101,4,10,193,4,10,0.16685691853892687,0
101,4,10,194,4,10,0.2991755864508722,0
101,4,10,195,4,10,0.11195511489904349,0
101,4,10,196,4,10,0.10865551585071861,0
101,4,10,197,4,10,0.15813169495589863,0
101,4,10,198,4,10,0.20760331976688307,0
101,4,10,199,4,10,0.10549990530036836,0
101,4,10,200,4,10,0.1174492854028402,0
101,4,10,201,4,10,0.1760351146471412,0
101,4,10,202,4,10,0.146243368807673,0
101,4,10,203,4,10,0.13238103989796365,0
101,4,10,204,4,10,0.19032154215052763,0
101,4,10,205,4,10,0.16090452995167312,0
101,4,10,206,4,10,0.1212876276663171,0
101,4,10,207,4,10,0.24745638720615018,0
101,4,10,208,4,10,0.11626441666873509,0
101,5,10,101,5,10,0.0,1
101,5,10,101,5,12,0.070153263485025,1
101,5,10,101,5,14,0.07156006335433687,1
101,5,10,101,5,16,0.08160084217401707,1
101,5,10,102,5,10,0.0813274983947956,0
101,5,10,103,5,10,0.08049784112867252,0
101,5,10,104,5,10,0.09417886022712053,0
101,5,10,105,5,10,0.14215732408819426,0
101,5,10,106,5,10,0.11645557223543064,0
101,5,10,107,5,10,0.06532190541667246,0
101,5,10,108,5,10,0.10491728333304574,0
101,5,10,109,5,10,0.229695971620964,0
101,5,10,110,5,10,0.2566718829335233,0
101,5,10,111,5,10,0.2844605646149113,0
101,5,10,112,5,10,0.06863443029882188,0
101,5,10,114,5,10,0.08780318163882396,0
101,5,10,115,5,10,0.23135916618751257,0
101,5,10,118,5,10,0.0740929360248456,0
101,5,10,119,5,10,0.1985524231740277,0
101,5,10,120,5,10,0.1134744942425351,0
101,5,10,121,5,10,0.0915678825160939,0
101,5,10,122,5,10,0.24507769041744795,0
101,5,10,124,5,10,0.08313743517650762,0
101,5,10,125,5,10,0.0616511444857672,0
101,5,10,126,5,10,0.08604402038775441,0
101,5,10,127,5,10,0.06509594701825563,0
101,5,10,128,5,10,0.09583491291226742,0
101,5,10,129,5,10,0.21729496146162294,0
101,5,10,130,5,10,0.2777303841826776,0
101,5,10,131,5,10,0.2647531459192529,0
101,5,10,132,5,10,0.11741669192885806,0
101,5,10,133,5,10,0.07800014185645007,0
101,5,10,134,5,10,0.088806416982878,0
101,5,10,135,5,10,0.0674580726275809,0
101,5,10,136,5,10,0.10869280757299843,0
101,5,10,137,5,10,0.08416984110563125,0
101,5,10,138,5,10,0.1319259472688972,0
101,5,10,139,5,10,0.06789697116940062,0
101,5,10,141,5,10,0.08969128276063919,0
101,5,10,142,5,10,0.13211405555916522,0
101,5,10,143,5,10,0.10483916833273638,0
101,5,10,144,5,10,0.2870826740114066,0
101,5,10,145,5,10,0.24563743515294004,0
101,5,10,146,5,10,0.06896913626956362,0
101,5,10,147,5,10,0.09339618211299575,0
101,5,10,148,5,10,0.09551203822706568,0
101,5,10,149,5,10,0.2882834727734966,0
101,5,10,150,5,10,0.11687546655035118,0
101,5,10,151,5,10,0.31398616135166446,0
101,5,10,152,5,10,0.09740226484503489,0
101,5,10,153,5,10,0.13327279416329338,0
101,5,10,154,5,10,0.08949404625244148,0
101,5,10,155,5,10,0.0877479352839266,0
101,5,10,156,5,10,0.20685200584372956,0
101,5,10,157,5,10,0.09279955879342332,0
101,5,10,158,5,10,0.2025647042380267,0
101,5,10,159,5,10,0.1652067376333088,0
101,5,10,160,5,10,0.16857815965120101,0
101,5,10,161,5,10,0.16605364383469928,0
101,5,10,162,5,10,0.24072595989906242,0
101,5,10,163,5,10,0.07784588801772102,0
101,5,10,164,5,10,0.09622482117013813,0
101,5,10,165,5,10,0.07484830089988206,0
101,5,10,166,5,10,0.25737214738733816,0
101,5,10,167,5,10,0.07183362962976877,0
101,5,10,168,5,10,0.088416186407476,0
101,5,10,169,5,10,0.09261614530733916,0
101,5,10,170,5,10,0.06362392997936912,0
101,5,10,180,5,10,0.09071433507302276,0
101,5,10,181,5,10,0.12269070018209223,0
101,5,10,182,5,10,0.1102039194001372,0
101,5,10,183,5,10,0.3098781242347338,0
101,5,10,184,5,10,0.0832190133322827,0
101,5,10,185,5,10,0.08458025384398771,0
101,5,10,186,5,10,0.07411412417606657,0
101,5,10,187,5,10,0.07983632736136453,0
101,5,10,188,5,10,0.1189098423104038,0
101,5,10,190,5,10,0.07925519376653639,0
101,5,10,191,5,10,0.0871028748335226,0
101,5,10,192,5,10,0.0789189782471307,0
101,5,10,193,5,10,0.1478651487533108,0
101,5,10,194,5,10,0.08323922721680257,0
101,5,10,195,5,10,0.09955407962687339,0
101,5,10,196,5,10,0.08732388956267928,0
101,5,10,197,5,10,0.1638286373550851,0
101,5,10,198,5,10,0.1109820766146606,0
101,5,10,199,5,10,0.06802871530737707,0
101,5,10,200,5,10,0.05407538588906847,0
101,5,10,201,5,10,0.11411107766229789,0
101,5,10,202,5,10,0.1229270057915544,0
101,5,10,203,5,10,0.07338435262462702,0
101,5,10,204,5,10,0.13888236832429862,0
101,5,10,205,5,10,0.12331654026531429,0
101,5,10,206,5,10,0.08564142245786181,0
101,5,10,207,5,10,0.2615292249896627,0
101,5,10,208,5,10,0.09576179714354399,0
101,6,10,101,6,10,0.0,1
101,6,10,101,6,12,0.07652867483141826,1
101,6,10,101,6,14,0.0884511946954348,1
101,6,10,101,6,16,0.10270659558167444,1
101,6,10,102,6,10,0.12042392874858053,0
101,6,10,103,6,10,0.09876153963392156,0
101,6,10,104,6,10,0.10967167075639621,0
101,6,10,105,6,10,0.12004161874745128,0
101,6,10,106,6,10,0.11407912582558315,0
101,6,10,107,6,10,0.10056548552782216,0
101,6,10,108,6,10,0.10979185516039194,0
101,6,10,109,6,10,0.09103279230002513,0
101,6,10,110,6,10,0.08214898785649485,0
101,6,10,111,6,10,0.09975046132307767,0
101,6,10,112,6,10,0.11120317978966766,0
101,6,10,114,6,10,0.13403930736697275,0
101,6,10,115,6,10,0.09386258926622788,0
101,6,10,118,6,10,0.09527114106357763,0
101,6,10,119,6,10,0.09090133539883939,0
101,6,10,120,6,10,0.11466009016074766,0
101,6,10,121,6,10,0.06765565821886983,0
101,6,10,122,6,10,0.09998832242237843,0
101,6,10,124,6,10,0.08433839060499831,0
101,6,10,125,6,10,0.1128489385935498,0
101,6,10,126,6,10,0.12609685920272898,0
101,6,10,127,6,10,0.08957620410464857,0
101,6,10,128,6,10,0.12216156204252238,0
101,6,10,129,6,10,0.10175734666503844,0
101,6,10,130,6,10,0.16150497371202316,0
101,6,10,131,6,10,0.1093315803178085,0
101,6,10,132,6,10,0.09176872746145003,0
101,6,10,133,6,10,0.07751414614918685,0
101,6,10,134,6,10,0.11478778335704716,0
101,6,10,135,6,10,0.09326234172106374,0
101,6,10,136,6,10,0.08743048743823482,0
101,6,10,137,6,10,0.09976971925586733,0
101,6,10,138,6,10,0.10453330792828701,0
101,6,10,139,6,10,0.0967801856457955,0
101,6,10,141,6,10,0.10640084476485442,0
101,6,10,142,6,10,0.1341939866476978,0
101,6,10,143,6,10,0.1332164079007222,0
101,6,10,144,6,10,0.10437765799828906,0
101,6,10,145,6,10,0.13918231778184617,0
101,6,10,146,6,10,0.10539665342621261,0
101,6,10,147,6,10,0.10838094264868964,0
101,6,10,148,6,10,0.12398034485916902,0
101,6,10,149,6,10,0.13454744078244768,0
101,6,10,150,6,10,0.0891042859140602,0
101,6,10,151,6,10,0.07412925283361903,0
101,6,10,152,6,10,0.09428803005129054,0
101,6,10,153,6,10,0.16241689712168228,0
101,6,10,154,6,10,0.10556057050090269,0
101,6,10,155,6,10,0.10587400888618699,0
101,6,10,156,6,10,0.10892611666554754,0
101,6,10,157,6,10,0.0886414917089895,0
101,6,10,158,6,10,0.09846085597211288,0
101,6,10,159,6,10,0.09921056122064498,0
101,6,10,160,6,10,0.09598383382713564,0
101,6,10,161,6,10,0.11391077272867298,0
101,6,10,162,6,10,0.09223423321356991,0
101,6,10,163,6,10,0.100380776932999,0
101,6,10,164,6,10,0.08443002031003989,0
101,6,10,165,6,10,0.10435337529431549,0
101,6,10,166,6,10,0.1364329664450668,0
101,6,10,167,6,10,0.08092747812481053,0
101,6,10,168,6,10,0.09867561249529204,0
101,6,10,169,6,10,0.10514815075122992,0
101,6,10,170,6,10,0.10217396146866106,0
101,6,10,180,6,10,0.07947003930456958,0
101,6,10,181,6,10,0.07697939352413029,0
101,6,10,182,6,10,0.12972282693912238,0
101,6,10,183,6,10,0.11793491849095072,0
101,6,10,184,6,10,0.10320659467922295,0
101,6,10,185,6,10,0.11425888057515814,0
101,6,10,186,6,10,0.09514710775178276,0
101,6,10,187,6,10,0.09784200720601045,0
101,6,10,188,6,10,0.0772600025820139,0
101,6,10,190,6,10,0.09787750897758725,0
101,6,10,191,6,10,0.08268361088105959,0
101,6,10,192,6,10,0.10664236273004518,0
101,6,10,193,6,10,0.11301099989742525,0
101,6,10,194,6,10,0.0819406978056737,0
101,6,10,195,6,10,0.10416858901340956,0
101,6,10,196,6,10,0.10746827785274252,0
101,6,10,197,6,10,0.100017108882035,0
101,6,10,198,6,10,0.11220450063591099,0
101,6,10,199,6,10,0.10241517129078376,0
101,6,10,200,6,10,0.09125280324385188,0
101,6,10,201,6,10,0.12705004620719226,0
101,6,10,202,6,10,0.12480674893330845,0
101,6,10,203,6,10,0.0961236269318758,0
101,6,10,204,6,10,0.10148990606866072,0
101,6,10,205,6,10,0.08124589592724843,0
101,6,10,206,6,10,0.10128264662564831,0
101,6,10,207,6,10,0.12940284292610776,0
101,6,10,208,6,10,0.11355964912727308,0
101,7,10,101,7,10,0.0,1
101,7,10,101,7,12,0.07426644400090132,1
101,7,10,101,7,14,0.09271490075902855,1
101,7,10,101,7,16,0.10493998113930968,1
101,7,10,102,7,10,0.14736896048249348,0
101,7,10,103,7,10,0.26769768455244236,0
101,7,10,104,7,10,0.19614384085217246,0
101,7,10,105,7,10,0.17425720776389755,0
101,7,10,106,7,10,0.19284790413741043,0
101,7,10,107,7,10,0.25820650230310943,0
101,7,10,108,7,10,0.13848349556932618,0
101,7,10,109,7,10,0.14973430369569962,0
101,7,10,110,7,10,0.13281172369923452,0
101,7,10,111,7,10,0.1944534196466784,0
101,7,10,112,7,10,0.25148877949664866,0
101,7,10,114,7,10,0.17440260481712233,0
101,7,10,115,7,10,0.23014334129577738,0
101,7,10,118,7,10,0.2518314916815149,0
101,7,10,119,7,10,0.19803220502254162,0
101,7,10,120,7,10,0.22281384921338454,0
101,7,10,121,7,10,0.14437929629425056,0
101,7,10,122,7,10,0.18175459193383833,0
101,7,10,124,7,10,0.19188289706706846,0
101,7,10,125,7,10,0.20307132624486846,0
101,7,10,126,7,10,0.18800059913111686,0
101,7,10,127,7,10,0.13177163859475363,0
101,7,10,128,7,10,0.3196275407856034,0
101,7,10,129,7,10,0.16969177482121786,0
101,7,10,130,7,10,0.12535219381170318,0
101,7,10,131,7,10,0.1813917658145702,0
101,7,10,132,7,10,0.240159589307826,0
101,7,10,133,7,10,0.17883403334462636,0
101,7,10,134,7,10,0.24884955008278556,0
101,7,10,135,7,10,0.13192590089990666,0
101,7,10,136,7,10,0.17477645262804611,0
101,7,10,137,7,10,0.16567844207379445,0
101,7,10,138,7,10,0.19536758492352302,0
101,7,10,139,7,10,0.26153508913405776,0
101,7,10,141,7,10,0.22885721457897906,0
101,7,10,142,7,10,0.17336995415942782,0
101,7,10,143,7,10,0.2802514594884178,0
101,7,10,144,7,10,0.32347228704008985,0
101,7,10,145,7,10,0.1925094924393851,0
101,7,10,146,7,10,0.1964359707277461,0
101,7,10,147,7,10,0.2628087137031108,0
101,7,10,148,7,10,0.2542130204074361,0
101,7,10,149,7,10,0.3208988027025673,0
101,7,10,150,7,10,0.2053893735633244,0
101,7,10,151,7,10,0.19788041235316453,0
101,7,10,152,7,10,0.24097509924527077,0
101,7,10,153,7,10,0.11491425886831863,0
101,7,10,154,7,10,0.24309700026356754,0
101,7,10,155,7,10,0.12397299203830495,0
101,7,10,156,7,10,0.12021185830141473,0
101,7,10,157,7,10,0.2148387044464585,0
101,7,10,158,7,10,0.1476776155048554,0
101,7,10,159,7,10,0.17564261720513136,0
101,7,10,160,7,10,0.2660305480773217,0
101,7,10,161,7,10,0.14877506349111774,0
101,7,10,162,7,10,0.2919255554090466,0
101,7,10,163,7,10,0.20844898661843264,0
101,7,10,164,7,10,0.22105241587059546,0
101,7,10,165,7,10,0.231703967276613,0
101,7,10,166,7,10,0.11669338521336789,0
101,7,10,167,7,10,0.23744406088019712,0
101,7,10,168,7,10,0.18120554420258364,0
101,7,10,169,7,10,0.2114075308245869,0
101,7,10,170,7,10,0.13960754682314827,0
101,7,10,180,7,10,0.12617233252551857,0
101,7,10,181,7,10,0.19178114448583766,0
101,7,10,182,7,10,0.22299789727626362,0
101,7,10,183,7,10,0.1630966705053943,0
101,7,10,184,7,10,0.24762729841729791,0
101,7,10,185,7,10,0.226737595089153,0
101,7,10,186,7,10,0.19365796369252392,0
101,7,10,187,7,10,0.1641016301008288,0
101,7,10,188,7,10,0.16847623576442505,0
101,7,10,190,7,10,0.15712591798937173,0
101,7,10,191,7,10,0.2741092566827961,0
101,7,10,192,7,10,0.22334127815654692,0
101,7,10,193,7,10,0.23150988575633552,0
101,7,10,194,7,10,0.25402223993788825,0
101,7,10,195,7,10,0.14479594367686674,0
101,7,10,196,7,10,0.17353566487063157,0
101,7,10,197,7,10,0.2599483710563454,0
101,7,10,198,7,10,0.2565583599683689,0
101,7,10,199,7,10,0.16833268670103899,0
101,7,10,200,7,10,0.1444486006505323,0
101,7,10,201,7,10,0.20304572790348657,0
101,7,10,202,7,10,0.25376265499177453,0
101,7,10,203,7,10,0.2598248416570495,0
101,7,10,204,7,10,0.29423232029911417,0
101,7,10,205,7,10,0.15532455858543084,0
101,7,10,206,7,10,0.18052150890905053,0
101,7,10,207,7,10,0.1913352756349243,0
101,7,10,208,7,10,0.26143278446887885,0
101,8,10,101,8,10,0.0,1
101,8,10,101,8,12,0.11626058535950964,1
101,8,10,101,8,14,0.10218905628943321,1
101,8,10,101,8,16,0.08934380743407978,1
101,8,10,102,8,10,0.10904211366371501,0
101,8,10,103,8,10,0.24804376161539815,0
101,8,10,104,8,10,0.25097471165695173,0
101,8,10,105,8,10,0.2822514580364877,0
101,8,10,106,8,10,0.2656669131525009,0
101,8,10,107,8,10,0.10971337638539734,0
101,8,10,108,8,10,0.28716579630433126,0
101,8,10,109,8,10,0.13012102511211554,0
101,8,10,110,8,10,0.2832494116181302,0
101,8,10,111,8,10,0.2702885182851249,0
101,8,10,112,8,10,0.25534635414228224,0
101,8,10,114,8,10,0.25810507445142056,0
101,8,10,115,8,10,0.09361734221505226,0
101,8,10,118,8,10,0.2679096457074628,0
101,8,10,119,8,10,0.2311608241335277,0
101,8,10,120,8,10,0.2840083716034701,0
101,8,10,121,8,10,0.29149412872385233,0
101,8,10,122,8,10,0.10556637296572159,0
101,8,10,124,8,10,0.21296653313585476,0
101,8,10,125,8,10,0.267149950358203,0
101,8,10,126,8,10,0.2735359388951612,0
101,8,10,127,8,10,0.09621818340002038,0
101,8,10,128,8,10,0.11397293571455322,0
101,8,10,129,8,10,0.2667608332607704,0
101,8,10,130,8,10,0.21860456706878031,0
101,8,10,131,8,10,0.2861953629940769,0
101,8,10,132,8,10,0.3194583495315885,0
101,8,10,133,8,10,0.25154610100460606,0
101,8,10,134,8,10,0.09286949324852312,0
101,8,10,135,8,10,0.1169583314190459,0
101,8,10,136,8,10,0.2454792158710209,0
101,8,10,137,8,10,0.2823902201542588,0
101,8,10,138,8,10,0.25034897922837995,0
101,8,10,139,8,10,0.30243913061264827,0
101,8,10,141,8,10,0.22392647734772445,0
101,8,10,142,8,10,0.24455876224001968,0
101,8,10,143,8,10,0.3017410659880189,0
101,8,10,144,8,10,0.2706960809033895,0
101,8,10,145,8,10,0.3030178680363011,0
101,8,10,146,8,10,0.1645076566503789,0
101,8,10,147,8,10,0.2838828550900461,0
101,8,10,148,8,10,0.25819336825242595,0
101,8,10,149,8,10,0.30047901472550675,0
101,8,10,150,8,10,0.22546433440942282,0
101,8,10,151,8,10,0.21569851150875588,0
101,8,10,152,8,10,0.08019931743101132,0
101,8,10,153,8,10,0.10778351082714036,0
101,8,10,154,8,10,0.28017531596977613,0
101,8,10,155,8,10,0.25417046609738736,0
101,8,10,156,8,10,0.2667258760595118,0
101,8,10,157,8,10,0.24059159661587048,0
101,8,10,158,8,10,0.2696878523894601,0
101,8,10,159,8,10,0.3038612731714572,0
101,8,10,160,8,10,0.264108145231119,0
101,8,10,161,8,10,0.09877540683126353,0
101,8,10,162,8,10,0.266756505863962,0
101,8,10,163,8,10,0.2687773902295906,0
101,8,10,164,8,10,0.19967275362338668,0
101,8,10,165,8,10,0.2502815888127898,0
101,8,10,166,8,10,0.27636104913399784,0
101,8,10,167,8,10,0.090813180212112,0
101,8,10,168,8,10,0.27834842610614574,0
101,8,10,169,8,10,0.2596708886341295,0
101,8,10,170,8,10,0.2737173105269392,0
101,8,10,180,8,10,0.21794751337327387,0
101,8,10,181,8,10,0.24828423490570173,0
101,8,10,182,8,10,0.26215436084822624,0
101,8,10,183,8,10,0.22167237236163065,0
101,8,10,184,8,10,0.2523490310588311,0
101,8,10,185,8,10,0.2580733014250555,0
101,8,10,186,8,10,0.12151249544042055,0
101,8,10,187,8,10,0.2881608029654826,0
101,8,10,188,8,10,0.12325767352366301,0
101,8,10,190,8,10,0.2618061877015255,0
101,8,10,191,8,10,0.24541145096535727,0
101,8,10,192,8,10,0.2614001066475174,0
101,8,10,193,8,10,0.27546804508572315,0
101,8,10,194,8,10,0.27369874908188985,0
101,8,10,195,8,10,0.21310730395397876,0
101,8,10,196,8,10,0.2894068461666593,0
101,8,10,197,8,10,0.27644370548962177,0
101,8,10,198,8,10,0.26051754264090904,0
101,8,10,199,8,10,0.2142259788700075,0
101,8,10,200,8,10,0.16706223135599185,0
101,8,10,201,8,10,0.08699498774501326,0
101,8,10,202,8,10,0.10544434484429388,0
101,8,10,203,8,10,0.2625999489301887,0
101,8,10,204,8,10,0.1518093491433287,0
101,8,10,205,8,10,0.2522751057042033,0
101,8,10,206,8,10,0.2696685607744313,0
101,8,10,207,8,10,0.24348357279881788,0
101,8,10,208,8,10,0.2912906333260362,0
101,9,10,101,9,10,0.0,1
101,9,10,101,9,12,0.06858653611941896,1
101,9,10,101,9,14,0.07268613076484363,1
101,9,10,101,9,16,0.0795392547769227,1
101,9,10,102,9,10,0.10361781494097759,0
101,9,10,103,9,10,0.10128326495843135,0
101,9,10,104,9,10,0.11111817716152213,0
101,9,10,105,9,10,0.10785269090784794,0
101,9,10,106,9,10,0.0943745925346336,0
101,9,10,107,9,10,0.11616144025293891,0
101,9,10,108,9,10,0.06594963783485287,0
101,9,10,109,9,10,0.07341180847813152,0
101,9,10,110,9,10,0.10893532201783475,0
101,9,10,111,9,10,0.09976829536466947,0
101,9,10,112,9,10,0.11068485072205751,0
101,9,10,114,9,10,0.09964983642046768,0
101,9,10,115,9,10,0.08708939034363757,0
101,9,10,118,9,10,0.16735539282435355,0
101,9,10,119,9,10,0.1016922193345191,0
101,9,10,120,9,10,0.1793442836845977,0
101,9,10,121,9,10,0.09874639735922373,0
101,9,10,122,9,10,0.11845672453489775,0
101,9,10,124,9,10,0.0699175482088797,0
101,9,10,125,9,10,0.08130077018858178,0
101,9,10,126,9,10,0.16342548132487064,0
101,9,10,127,9,10,0.09630413769343096,0
101,9,10,128,9,10,0.09634222529049849,0
101,9,10,129,9,10,0.09102319693483078,0
101,9,10,130,9,10,0.0975022365597551,0
101,9,10,131,9,10,0.08806765427402785,0
101,9,10,132,9,10,0.17382024574679575,0
101,9,10,133,9,10,0.10344749667775718,0
101,9,10,134,9,10,0.1133870114315524,0
101,9,10,135,9,10,0.08937354933486931,0
101,9,10,136,9,10,0.10623222058857801,0
101,9,10,137,9,10,0.1177387559979145,0
101,9,10,138,9,10,0.08741197002146099,0
101,9,10,139,9,10,0.13560724717186287,0
101,9,10,141,9,10,0.0787477609055269,0
101,9,10,142,9,10,0.12280581938069991,0
101,9,10,143,9,10,0.1906332736024107,0
101,9,10,144,9,10,0.09624828213520746,0
101,9,10,145,9,10,0.0956404220126254,0
101,9,10,146,9,10,0.10189254845558392,0
101,9,10,147,9,10,0.13269005373696866,0
101,9,10,148,9,10,0.0961966366891186,0
101,9,10,149,9,10,0.16725586840313716,0
101,9,10,150,9,10,0.09371623249584196,0
101,9,10,151,9,10,0.11283830750314051,0
101,9,10,152,9,10,0.11100594574337493,0
101,9,10,153,9,10,0.11721059189762051,0
101,9,10,154,9,10,0.0881084578700474,0
101,9,10,155,9,10,0.11440749786305959,0
101,9,10,156,9,10,0.08174565879429757,0
101,9,10,157,9,10,0.11277746331278483,0
101,9,10,158,9,10,0.08612377015922512,0
101,9,10,159,9,10,0.11339817874484946,0
101,9,10,160,9,10,0.09797134016039082,0
101,9,10,161,9,10,0.10913298951449892,0
101,9,10,162,9,10,0.08707846570602337,0
101,9,10,163,9,10,0.2234183166671132,0
101,9,10,164,9,10,0.12933143525073643,0
101,9,10,165,9,10,0.12577567541332135,0
101,9,10,166,9,10,0.12882950511991165,0
101,9,10,167,9,10,0.13725700494759796,0
101,9,10,168,9,10,0.06999110977304776,0
101,9,10,169,9,10,0.3003280042448932,0
101,9,10,170,9,10,0.12543920671522793,0
101,9,10,180,9,10,0.08504511550360325,0
101,9,10,181,9,10,0.10068862310931294,0
101,9,10,182,9,10,0.08165931701196079,0
101,9,10,183,9,10,0.1626501274062119,0
101,9,10,184,9,10,0.11076652107634055,0
101,9,10,185,9,10,0.14584364072342917,0
101,9,10,186,9,10,0.16935011191118604,0
101,9,10,187,9,10,0.1125155247466797,0
101,9,10,188,9,10,0.12346227276036857,0
101,9,10,190,9,10,0.07924945653430839,0
101,9,10,191,9,10,0.11509835456278068,0
101,9,10,192,9,10,0.11978957603236905,0
101,9,10,193,9,10,0.12096379091267613,0
101,9,10,194,9,10,0.09889388675645182,0
101,9,10,195,9,10,0.1263411143295179,0
101,9,10,196,9,10,0.08176491803817354,0
101,9,10,197,9,10,0.12008003630422,0
101,9,10,198,9,10,0.1009656291859018,0
101,9,10,199,9,10,0.11581067064780615,0
101,9,10,200,9,10,0.1226755335353534,0
101,9,10,201,9,10,0.13793191455674797,0
101,9,10,202,9,10,0.09308589322731005,0
101,9,10,203,9,10,0.1033383349794646,0
101,9,10,204,9,10,0.12641430323008027,0
101,9,10,205,9,10,0.11493923648517763,0
101,9,10,206,9,10,0.10454281260468425,0
101,9,10,207,9,10,0.10654847828030065,0
101,9,10,208,9,10,0.10562480683232264,0
